{
  "Q: What is 2 + 3?\nA:": {
    "0": -21.93335723876953,
    "1": -21.93335723876953,
    "2": -21.93335723876953,
    "3": -21.93335723876953,
    "4": -21.93335723876953,
    "5": -21.93335723876953,
    "6": -21.93335723876953,
    "7": -21.93335723876953,
    "8": -21.93335723876953,
    "9": -21.93335723876953,
    "10": -21.93335723876953,
    "11": -21.93335723876953
  },
  "Q: If I have five apples and eat two, how many remain?\nA:": {
    "0": -75.61279296875,
    "1": -75.61279296875,
    "2": -75.61279296875,
    "3": -75.61279296875,
    "4": -75.61279296875,
    "5": -75.61279296875,
    "6": -75.61279296875,
    "7": -75.61279296875,
    "8": -75.61279296875,
    "9": -75.61279296875,
    "10": -75.61279296875,
    "11": -75.61279296875
  }
}